id,name,lastname,price,flycode,typePassenger,statusFlight
1,Kissiah,Tourville,64635.00,JX1228I,EconomyClass,En Horario
2,Lanae,O'Kennavain,59491.00,UU4545R,EconomyClass,Demorado
3,Gunther,O'Keenan,95474.00,TS0449F,ExecutiveClass,En Vuelo
4,Jackquelin,Corter,32428.00,UE6394L,EconomyClass,Demorado
5,Quint,Weinham,80335.00,CE5406J,ExecutiveClass,Demorado
6,Cecil,Jedryka,73366.00,BV1494C,FirstClass,Aterrizado
7,Rodrigo,Ormesher,43461.00,IN2047Z,EconomyClass,En Vuelo
8,Tania,Lawie,81074.00,EX0010L,FirstClass,En Vuelo
9,Virgie,Thorneley,76875.00,VP0060C,ExecutiveClass,En Vuelo
10,Rivalee,Kibbe,90235.00,LD8255A,ExecutiveClass,En Vuelo
11,Hobey,Allchorne,53822.00,ES0394R,FirstClass,En Horario
12,Marylou,Skentelbury,82383.00,AU8675Y,FirstClass,Aterrizado
13,Lorenza,Hurring,47328.00,SZ5795S,EconomyClass,Demorado
14,Cassondra,McVey,67858.00,FL1115I,ExecutiveClass,En Horario
15,Johannah,Lankham,55256.00,YC8779X,EconomyClass,Demorado
16,Lorna,Keepin,43448.00,US9179R,FirstClass,Aterrizado
17,Karlie,Thornewill,91227.00,YP4631P,EconomyClass,Demorado
18,Cordey,Eric,66225.00,EI7684C,FirstClass,En Horario
19,Adriane,D'Acth,97896.00,FX8894Y,FirstClass,Aterrizado
20,Berri,Van der Brugge,98236.00,RF2321L,FirstClass,En Vuelo
21,Patrice,Batch,70029.00,JJ5318C,FirstClass,Aterrizado
22,Kendell,Ritmeier,99842.00,EN2295B,ExecutiveClass,En Vuelo
23,Rora,Di Franceshci,19784.00,GW7842F,EconomyClass,En Horario
24,Mickie,Jobb,37254.00,LH6866G,ExecutiveClass,Demorado
25,Jaynell,Robion,9596.00,MF2968D,EconomyClass,Demorado
26,Indira,Wishart,62825.00,FS1829Y,FirstClass,En Vuelo
27,Nancee,Cossam,94360.00,XB7907A,ExecutiveClass,En Horario
28,Ajay,Finan,26276.00,OW9660L,EconomyClass,Demorado
29,Vinni,Atling,38298.00,OC2571P,EconomyClass,Demorado
30,Lettie,Kleinberer,26631.00,OV7589W,EconomyClass,En Vuelo
31,Sid,Joul,47019.00,VM6642P,FirstClass,Demorado
32,Almeria,Gibbins,88079.00,HM3198X,EconomyClass,Demorado
33,Darby,Geroldo,69850.00,PM6031K,ExecutiveClass,En Vuelo
34,Urson,Lincke,12352.00,RR5371Q,ExecutiveClass,Demorado
35,Charlean,Green,50114.00,XC0181X,ExecutiveClass,Demorado
36,Eleen,Chatterton,82704.00,SV0096M,FirstClass,En Horario
37,Niles,Strongitharm,91559.00,MU0737O,ExecutiveClass,En Horario
38,Lewes,Tisun,50462.00,KP7702I,FirstClass,En Horario
39,Derick,Simkovitz,9886.00,JJ0132J,EconomyClass,Demorado
40,Edie,Chamberlen,75523.00,XR9593O,EconomyClass,En Vuelo
41,Reube,Shelf,82076.00,FR2885N,ExecutiveClass,Aterrizado
42,Neilla,Hamp,75314.00,RJ3834J,FirstClass,En Vuelo
43,Catriona,Jozefiak,55204.00,FQ3364K,EconomyClass,Aterrizado
44,Quinlan,Dadswell,12427.00,RE9481D,FirstClass,En Vuelo
45,Dare,Wallege,86503.00,AQ7048K,FirstClass,Demorado
46,Gilly,Nowland,37342.00,SA6732H,EconomyClass,En Vuelo
47,Noah,Capp,21871.00,ZQ5285G,ExecutiveClass,Aterrizado
48,Randy,Stockbridge,62129.00,RY1068G,FirstClass,Aterrizado
49,Lilia,Torbett,43301.00,MI5285S,FirstClass,En Vuelo
50,Allen,Bulfit,15636.00,RR6429D,FirstClass,Demorado
51,Ernestine,Antonsen,60232.00,RE6230V,EconomyClass,En Horario
52,Andrea,Rodda,52623.00,FO1112X,EconomyClass,En Horario
53,Netty,Benns,54689.00,RH4800O,FirstClass,En Horario
54,Roddy,Trippack,64256.00,DV9682X,ExecutiveClass,En Horario
55,Gene,Westberg,66594.00,LR1645Y,FirstClass,Demorado
56,Omar,Linbohm,97492.00,QA1111B,EconomyClass,En Vuelo
57,Gabrielle,Zambon,42748.00,YV9481Y,EconomyClass,Aterrizado
58,Gallagher,Kenworth,59929.00,JQ2562E,ExecutiveClass,Demorado
59,Quentin,Kerwen,84215.00,DL5663P,FirstClass,En Vuelo
60,Cassy,Phillput,63102.00,OR8427Y,EconomyClass,Aterrizado
61,Berkley,Bache,64780.00,OG9567A,ExecutiveClass,Demorado
62,Siffre,Boadby,45194.00,KY2969F,EconomyClass,En Vuelo
63,Tandie,Sparrowhawk,52061.00,ZU0740H,FirstClass,Demorado
64,Donovan,Spinello,74542.00,DE8461J,FirstClass,En Vuelo
65,Nicolas,Mineghelli,78136.00,DV8042U,ExecutiveClass,En Horario
66,Jarred,Nisbith,11381.00,FH3375V,FirstClass,Demorado
67,Alysia,Bardwell,25155.00,WN2058K,ExecutiveClass,En Horario
68,Hunfredo,Grassin,41170.00,UU4797R,FirstClass,Demorado
69,Joly,Storrier,70755.00,SR2415A,ExecutiveClass,En Horario
70,Nollie,Neumann,35485.00,OQ9620A,ExecutiveClass,En Horario
71,Tansy,Kahler,43018.00,WT4463X,EconomyClass,En Horario
72,Esme,Labon,31684.00,KQ7390G,EconomyClass,Demorado
73,Roana,Bruhnicke,40428.00,UQ2068V,EconomyClass,En Horario
74,Maximilian,Oldman,92927.00,DD6744Y,EconomyClass,Aterrizado
75,Melisent,Natalie,41515.00,RS6198Y,EconomyClass,Aterrizado
76,Dorothea,Troubridge,22047.00,DF6516E,EconomyClass,En Horario
77,Marcelo,Pydcock,96894.00,IT9013W,ExecutiveClass,Aterrizado
78,Merwyn,Prime,96577.00,CO7851J,ExecutiveClass,En Vuelo
79,Anselma,Quarrington,39743.00,VW4935F,ExecutiveClass,Aterrizado
80,Delilah,Mennell,32635.00,XE5981Z,FirstClass,Aterrizado
81,Amber,Nise,65066.00,BP0821I,ExecutiveClass,En Vuelo
82,Giustino,Yurlov,6656.00,QQ1368Q,EconomyClass,Demorado
83,Roxie,Camm,49508.00,PF1595Y,FirstClass,Aterrizado
84,Niki,Koenen,88930.00,VA2473D,FirstClass,Demorado
85,Fanechka,Smeaton,43076.00,FC4728H,FirstClass,Aterrizado
86,Cynthy,Jeanneau,6129.00,NY5786S,EconomyClass,En Horario
87,Diandra,Stivey,33137.00,VX6616F,ExecutiveClass,En Vuelo
88,Hercule,Motte,48976.00,JX0214Y,EconomyClass,Demorado
89,Ram,Gonning,85588.00,AW0809Q,FirstClass,En Horario
90,Melonie,Hedman,61319.00,QK2881V,EconomyClass,Demorado
91,Bride,Paullin,29103.00,NY8234M,ExecutiveClass,Aterrizado
92,Bearnard,Chiene,53866.00,KE7323L,EconomyClass,En Horario
93,Kippie,Penella,82607.00,YW5158V,EconomyClass,En Vuelo
94,Shela,Bremond,72905.00,RD5681T,ExecutiveClass,En Vuelo
95,Caron,Harvard,41320.00,CU9699S,ExecutiveClass,En Vuelo
96,Francesco,Sieur,57059.00,EX7234Q,FirstClass,Aterrizado
97,Jodie,Wilflinger,41332.00,QP4698D,ExecutiveClass,Demorado
98,Catarina,Crumpton,51353.00,AP5165X,EconomyClass,Demorado
99,Gussi,Vynehall,69153.00,JF0518B,FirstClass,Demorado
100,Fidelity,McInally,74096.00,WJ3487G,EconomyClass,En Vuelo
101,Basilius,Draysay,17372.00,JQ6715P,EconomyClass,En Horario
102,Gaynor,Beavors,15763.00,YL3027T,FirstClass,En Vuelo
103,Andromache,Sidney,22524.00,FQ6386Z,ExecutiveClass,Aterrizado
104,Curcio,Harlick,35853.00,YB1470V,ExecutiveClass,En Horario
105,Alexei,Gaither,90084.00,UE9644M,FirstClass,Demorado
106,Stesha,Callam,80734.00,BE9408P,EconomyClass,En Vuelo
107,Bogey,McGarel,99801.00,QX4553V,ExecutiveClass,Aterrizado
108,Teresina,Ealden,78929.00,AG4950I,FirstClass,Demorado
109,Moira,Bach,66032.00,IY5117L,FirstClass,En Horario
110,Katharyn,Muncer,73418.00,SG7813Y,EconomyClass,En Horario
111,Amberly,Pummery,97200.00,ZN7760B,ExecutiveClass,En Horario
112,Matelda,Meth,55808.00,EE3540R,EconomyClass,En Horario
113,Iorgo,Guiden,76277.00,XL1987Z,EconomyClass,Demorado
114,Kim,Tarling,72350.00,MS0711H,ExecutiveClass,Aterrizado
115,Coralyn,Riditch,21353.00,JE1522U,FirstClass,Demorado
116,Syd,Stuchberry,5584.00,LJ5908E,EconomyClass,Aterrizado
117,Thaine,Swiffin,81222.00,IH9787D,ExecutiveClass,Aterrizado
118,Rosella,Taveriner,63804.00,PZ2138X,EconomyClass,Aterrizado
119,Magdalen,London,66265.00,HL7105J,ExecutiveClass,En Vuelo
120,Diana,Croft,35650.00,OT8925B,ExecutiveClass,Demorado
121,Gaylor,Mussington,5931.00,UB0676O,FirstClass,Demorado
122,Davita,Kilgannon,13002.00,BV3365Y,EconomyClass,En Horario
123,Vaughan,Lottrington,13016.00,HF0787G,EconomyClass,Aterrizado
124,Sophie,Haresnaip,80202.00,NO5692Z,EconomyClass,Demorado
125,Rabi,Gregersen,20937.00,HF9104I,FirstClass,Demorado
126,Robina,Pacheco,21935.00,NZ0969S,FirstClass,En Horario
127,Trueman,Sharpin,45399.00,CC4042Z,EconomyClass,Demorado
128,Lawrence,Sellack,86031.00,NF0471V,ExecutiveClass,En Horario
129,Reeva,Yeates,85120.00,NU1487M,EconomyClass,En Horario
130,Vergil,Drohane,84685.00,KG9166Y,ExecutiveClass,Aterrizado
131,Mendy,Sprigging,99580.00,EX2416J,ExecutiveClass,Demorado
132,Humfried,Trace,14118.00,ZG5313A,ExecutiveClass,En Vuelo
133,Vanda,Anthonies,66516.00,IC5202D,ExecutiveClass,En Horario
134,Farrell,Kitto,49970.00,AN0589J,EconomyClass,En Horario
135,Orelia,Askin,25956.00,OC3935I,EconomyClass,En Vuelo
136,Crin,Boole,40833.00,MJ4129I,FirstClass,En Vuelo
137,Hall,O'Gormally,99278.00,XD6154N,EconomyClass,Demorado
138,Sibley,Hedylstone,65995.00,BK5323G,EconomyClass,En Horario
139,Kelwin,Pesik,65314.00,XM1475C,ExecutiveClass,En Vuelo
140,Chelsey,Drinkhall,5397.00,AY9959M,EconomyClass,Demorado
141,Cristian,Chaster,35841.00,RG2295W,FirstClass,En Vuelo
142,Gayle,Kofax,76204.00,DU4569H,FirstClass,Aterrizado
143,Sibby,Rustedge,42780.00,NB3422C,EconomyClass,En Horario
144,Marlon,Dabney,54995.00,ES7467Q,ExecutiveClass,En Vuelo
145,Johna,Dibbert,28387.00,IL7005F,ExecutiveClass,En Vuelo
146,Hubie,Tizzard,84415.00,QI4894R,FirstClass,En Vuelo
147,Lisabeth,Jancso,60539.00,HT0416C,EconomyClass,En Horario
148,Lin,Espinos,11987.00,HO9714C,EconomyClass,En Horario
149,Octavia,Garford,44005.00,MH0814N,FirstClass,En Vuelo
150,Marissa,Pawelke,71073.00,BB1828P,ExecutiveClass,En Horario
151,Matty,Lacheze,7797.00,FK9524A,EconomyClass,En Vuelo
152,Fern,Sheron,33331.00,AQ9772S,ExecutiveClass,En Horario
153,Lana,Flieg,80432.00,EB7060J,ExecutiveClass,Demorado
154,Magnum,Byfield,89170.00,JB3968V,EconomyClass,Demorado
155,Malissia,Greenhaugh,69614.00,CH7681D,EconomyClass,En Vuelo
156,Estell,Linch,33267.00,ZN7342Q,EconomyClass,En Horario
157,Lorenza,Muscott,46606.00,DX0193E,EconomyClass,Demorado
158,Dawn,Yurkov,21209.00,TR7575D,ExecutiveClass,Demorado
159,Carina,Scutt,46371.00,VZ4199P,ExecutiveClass,Aterrizado
160,Patsy,Butterley,36545.00,EK1740C,ExecutiveClass,En Horario
161,Teena,Bartoloma,95207.00,VE0892P,FirstClass,Demorado
162,Ad,Van den Velden,57644.00,XY7861D,ExecutiveClass,En Horario
163,Whittaker,Brood,30445.00,GJ9759N,FirstClass,En Vuelo
164,Rosaleen,Radborne,77812.00,AZ2793C,FirstClass,Demorado
165,Arleen,Orteau,44407.00,IF6399I,EconomyClass,Demorado
166,Donielle,Zannotti,48908.00,AK8950H,EconomyClass,Demorado
167,Stesha,Ciobutaru,64968.00,LI7796X,FirstClass,En Horario
168,Ricca,Reglar,85564.00,NL1599B,ExecutiveClass,En Horario
169,Waylin,Whitwell,80976.00,FA9567F,EconomyClass,En Horario
170,Townie,Fontes,64129.00,ML2914U,FirstClass,En Vuelo
171,Hortensia,Vequaud,77942.00,YC3352C,EconomyClass,Demorado
172,Arlan,Wethers,94623.00,JF1837D,FirstClass,En Vuelo
173,Antonetta,Thomel,74035.00,VB8589Z,FirstClass,Demorado
174,Darrick,People,45949.00,MO5552F,EconomyClass,Demorado
175,Davidson,Ragles,57247.00,NT8907J,EconomyClass,En Vuelo
176,Rey,Harriott,56185.00,IQ3372F,EconomyClass,Demorado
177,Valry,Rubenov,44012.00,SB9887V,FirstClass,En Horario
178,Rhett,Skough,74447.00,KC9069X,FirstClass,Demorado
179,Cati,Pollack,48714.00,YE4889H,FirstClass,Demorado
180,Grenville,Grange,85223.00,OW7755K,FirstClass,Demorado
181,Dougy,Fernanando,60216.00,DK9253I,FirstClass,En Vuelo
182,Peirce,Emblen,42282.00,EQ4182A,ExecutiveClass,Aterrizado
183,Nerta,Spyby,46035.00,RY0204P,FirstClass,En Vuelo
184,Briant,Shortland,98720.00,NM6947Z,FirstClass,Demorado
185,Andrew,Pirkis,30401.00,OO3174C,ExecutiveClass,En Vuelo
186,Tobit,Pic,78933.00,OX4376I,FirstClass,En Horario
187,Marni,Bartoloma,56383.00,IZ2733B,EconomyClass,Demorado
188,Alic,Imbrey,50786.00,OW6336Q,EconomyClass,En Vuelo
189,Rosemaria,M'Chirrie,6941.00,LP7167S,ExecutiveClass,En Horario
190,Jobi,Dendon,96465.00,WF6958R,ExecutiveClass,En Vuelo
191,Ottilie,Franek,59396.00,TU5293B,EconomyClass,Aterrizado
192,Gustie,Maginot,25550.00,FW1133S,ExecutiveClass,Demorado
193,Del,Lowthian,81351.00,XF6399L,FirstClass,Demorado
194,Gill,Wheeliker,23869.00,LZ0443F,FirstClass,En Horario
195,Wilton,Alenichev,14093.00,VV5115Q,EconomyClass,Demorado
196,Morissa,Woolland,78965.00,BL8570K,FirstClass,Demorado
197,Leoline,Cowely,71032.00,QI2588F,EconomyClass,Demorado
198,Brandea,Couper,75309.00,EG3711X,ExecutiveClass,Aterrizado
199,Linc,O'Cullen,33468.00,BW0634Z,FirstClass,Aterrizado
200,Charlean,Widdup,32430.00,LS2279C,FirstClass,En Horario
201,Kenna,Griston,91191.00,SX0526Q,FirstClass,En Vuelo
202,Cordey,Prozescky,41077.00,VS5340B,EconomyClass,En Horario
203,Derril,Snow,70349.00,VE2842R,ExecutiveClass,En Horario
204,Zola,Gallant,11986.00,BV7416I,FirstClass,Aterrizado
205,Sherman,Maior,31739.00,VK5276T,ExecutiveClass,Aterrizado
206,Ronda,Lucius,46990.00,OD9900M,FirstClass,En Vuelo
207,Angelico,Emanuel,80296.00,NS6981B,ExecutiveClass,Aterrizado
208,Mariel,Hoodless,81071.00,XR3515Q,EconomyClass,En Horario
209,Madelle,Cowdery,41437.00,ON7206S,EconomyClass,En Vuelo
210,Courtnay,Skirrow,71321.00,EC7885A,EconomyClass,En Horario
211,Donna,Alvy,7071.00,XC6131Z,ExecutiveClass,En Vuelo
212,Tierney,Jakeman,69890.00,JK6158A,ExecutiveClass,En Vuelo
213,Hyacinthia,Toms,67207.00,QP7397K,ExecutiveClass,En Vuelo
214,Hendrik,Peter,97487.00,NF1904A,FirstClass,Demorado
215,Weston,McNish,31487.00,GK2440Z,ExecutiveClass,Aterrizado
216,Hedvig,Moult,98954.00,HS2333D,EconomyClass,Demorado
217,Berta,Tift,85013.00,AH1509A,FirstClass,Demorado
218,Sianna,Rastall,8085.00,HM0076H,ExecutiveClass,En Horario
219,Felice,Daymond,5451.00,XZ2455B,FirstClass,En Vuelo
220,Marshall,Deverock,55902.00,JX2651I,EconomyClass,En Horario
221,Cornell,Westwood,81944.00,WI5994A,ExecutiveClass,Demorado
222,Elnore,Bignal,47627.00,AY5582C,EconomyClass,En Vuelo
223,Ted,Blucher,94335.00,UQ9322G,EconomyClass,Aterrizado
224,Tiertza,Lapley,22385.00,AE4706S,FirstClass,En Horario
225,Sheryl,Wrassell,14830.00,HT1237F,EconomyClass,Aterrizado
226,Eliot,Kinneir,80757.00,MN5772X,EconomyClass,En Horario
227,Aluino,FitzGeorge,47001.00,ST0599S,EconomyClass,Demorado
228,Clayton,Algore,11432.00,CD0064T,EconomyClass,Aterrizado
229,Luce,Rivilis,30743.00,CM7616N,ExecutiveClass,En Horario
230,Koralle,Briers,87521.00,SM8329A,ExecutiveClass,En Vuelo
231,Iolanthe,Doust,80245.00,PT4977Q,FirstClass,En Horario
232,Averil,Frentz,67305.00,UZ9946O,ExecutiveClass,En Vuelo
233,Jeremie,Americi,41016.00,CR7222D,FirstClass,Aterrizado
234,Ginger,Nassi,67571.00,FE8157G,EconomyClass,Aterrizado
235,Mycah,Lille,39733.00,BM2320P,EconomyClass,En Vuelo
236,Tierney,Kitchenham,62525.00,EE6164X,EconomyClass,En Horario
237,Pebrook,Cohn,71509.00,ZW9935X,ExecutiveClass,Demorado
238,Jeannette,Schuricke,77520.00,UD0589U,EconomyClass,Demorado
239,Domingo,Geleman,41030.00,WW7911F,EconomyClass,En Horario
240,Candi,Featley,41261.00,FS6050H,ExecutiveClass,En Horario
241,Angeline,Barritt,80804.00,UQ3802I,FirstClass,Demorado
242,Moishe,Gronous,65406.00,CA2432A,FirstClass,En Horario
243,Arluene,Sweeney,52892.00,RJ0729Y,ExecutiveClass,En Vuelo
244,Kessia,Labone,89630.00,RB1730E,EconomyClass,Aterrizado
245,Stinky,Buller,44718.00,SO1533Y,EconomyClass,Aterrizado
246,Leeland,Runacres,10143.00,QB1941O,ExecutiveClass,En Horario
247,Paige,Hillyatt,33155.00,AJ6081J,EconomyClass,Demorado
248,Blondell,Ivashin,82517.00,CR9440X,ExecutiveClass,Demorado
249,Laird,Shildrick,17443.00,HZ5521L,FirstClass,Aterrizado
250,Carolynn,Swatheridge,14668.00,WU0569T,EconomyClass,En Vuelo
251,Vi,Soares,99854.00,VP4241K,FirstClass,En Vuelo
252,Matthew,Spurryer,69512.00,YJ4493Y,FirstClass,Demorado
253,Rourke,Cornilli,58891.00,RY9928Q,FirstClass,Aterrizado
254,Grete,Eversley,25249.00,PZ0170E,EconomyClass,En Vuelo
255,Sadie,Jutson,67667.00,QF2067K,EconomyClass,En Horario
256,Othelia,Dooley,5933.00,DT5752S,EconomyClass,Aterrizado
257,Pieter,Robey,49427.00,BS8060N,ExecutiveClass,Demorado
258,Paolo,Passler,15690.00,PJ4885R,ExecutiveClass,Aterrizado
259,Charlotte,Helliar,36507.00,SE6070S,EconomyClass,Demorado
260,Dido,Gunston,18727.00,TU8576J,FirstClass,Demorado
261,Noel,Jelly,5247.00,GX8579U,EconomyClass,En Vuelo
262,Clemmie,Le Floch,74642.00,ST0612O,FirstClass,En Horario
263,Dianemarie,Reeves,15940.00,VE5138X,FirstClass,Demorado
264,Leupold,Clayton,55734.00,JK8380V,FirstClass,En Horario
265,Donny,Yousef,98359.00,SU2487C,FirstClass,En Horario
266,Burnard,Vasyushkhin,14557.00,PB1252F,FirstClass,Demorado
267,Elga,Sidary,97179.00,GE3100J,ExecutiveClass,En Horario
268,Kerry,Claybourne,19645.00,IW5051Q,ExecutiveClass,En Vuelo
269,Adams,Cordeux,49267.00,SL6480S,ExecutiveClass,En Vuelo
270,Fina,Michele,28394.00,KE3406Y,FirstClass,Demorado
271,Patrice,Vicary,72790.00,RW5224G,EconomyClass,Demorado
272,Rickard,Hedin,83696.00,UP6516A,FirstClass,En Horario
273,Jordanna,Whicher,44895.00,SS3746H,EconomyClass,Demorado
274,Eben,Brine,19123.00,IU7420Q,FirstClass,Demorado
275,Perceval,Bollam,5991.00,IJ9062Q,FirstClass,Aterrizado
276,Silvain,Milbourn,72056.00,HP5629X,EconomyClass,En Vuelo
277,Gerek,Grafham,49434.00,MX1608S,FirstClass,Aterrizado
278,Essy,Deeney,19994.00,LB7041K,EconomyClass,En Vuelo
279,Sean,Kille,14726.00,QI7484W,FirstClass,Aterrizado
280,Hector,Kop,48016.00,BL1248C,FirstClass,En Vuelo
281,Georgie,Cridland,43806.00,IM1824T,ExecutiveClass,En Vuelo
282,Babbette,Olliar,81548.00,MP0736H,EconomyClass,En Vuelo
283,Stafani,Tartt,97987.00,AF3311X,ExecutiveClass,Aterrizado
284,Merwin,Henke,56449.00,QS8053K,EconomyClass,Demorado
285,Adel,Simmons,99078.00,YD2079B,FirstClass,En Horario
286,Gonzales,Begbie,94959.00,TI3060B,FirstClass,En Horario
287,Emma,Booeln,95305.00,VY0520K,FirstClass,Aterrizado
288,Tobie,McAdam,10742.00,SI3199J,ExecutiveClass,En Horario
289,Valle,Gisby,47107.00,PX2124W,EconomyClass,Demorado
290,Shannon,Stiddard,73881.00,GF8976U,ExecutiveClass,En Vuelo
291,Jacquetta,Scrancher,91129.00,JA1105E,FirstClass,Demorado
292,Cameron,Gowar,35980.00,FV0439N,ExecutiveClass,En Horario
293,Janeva,Skirling,68613.00,GU3110Y,ExecutiveClass,Aterrizado
294,Alyda,Sweating,31140.00,RP9308I,ExecutiveClass,Demorado
295,Bone,La Wille,72323.00,AZ2157K,FirstClass,En Vuelo
296,Obidiah,Alwood,51378.00,LH2427T,ExecutiveClass,Aterrizado
297,Orrin,Greensitt,13150.00,ZR0361I,ExecutiveClass,En Horario
298,Gianna,Garvey,12871.00,VE6679I,EconomyClass,Aterrizado
299,Annalise,Eymer,18835.00,CU3647I,EconomyClass,En Horario
300,Broddy,Grigson,76552.00,GN8460V,EconomyClass,En Vuelo
301,Phylys,Demschke,10724.00,TP3424H,ExecutiveClass,Demorado
302,Addison,Fussey,60509.00,GF4175W,ExecutiveClass,Aterrizado
303,Carin,Delafoy,85819.00,YA4733O,FirstClass,En Vuelo
304,Michel,Heathorn,46244.00,WC9575N,EconomyClass,En Horario
305,Jody,Heild,59574.00,SZ7109F,ExecutiveClass,En Vuelo
306,Kaycee,Goodwyn,93804.00,QN3200U,FirstClass,En Horario
307,Jacintha,Dagwell,36938.00,OB6310A,EconomyClass,Aterrizado
308,Carolan,Rillatt,25682.00,AQ8385W,EconomyClass,En Vuelo
309,Ezechiel,Jedraszczyk,49062.00,GX3354Q,FirstClass,Demorado
310,Aline,Rolley,23464.00,BQ2209E,FirstClass,Aterrizado
311,Erminia,Boulding,54882.00,VR5087X,EconomyClass,En Vuelo
312,Tabbitha,Sells,88396.00,TZ3108L,ExecutiveClass,Aterrizado
313,Dominga,Taudevin,61661.00,JW1312I,FirstClass,En Vuelo
314,Kevin,Cheson,10802.00,FE5319B,EconomyClass,En Vuelo
315,Aili,Klee,10657.00,KG7134N,FirstClass,En Vuelo
316,Brien,Honsch,13127.00,AN4363V,EconomyClass,Aterrizado
317,Harlen,Terrett,37195.00,TZ3557E,ExecutiveClass,Aterrizado
318,Obie,Climo,16009.00,DK4432E,EconomyClass,En Vuelo
319,Tonia,Stubbington,94721.00,AO2053P,EconomyClass,En Vuelo
320,Laurent,Megarrell,85836.00,BT8184O,FirstClass,En Vuelo
321,Hyacinth,Lismer,49405.00,HD4859Z,EconomyClass,En Horario
322,Neale,Bremmell,94781.00,KY2451O,EconomyClass,En Vuelo
323,Mattheus,Betton,43549.00,PB9220O,EconomyClass,Demorado
324,Beryl,Stair,95541.00,ZW6735C,EconomyClass,Demorado
325,Peyter,Crampsey,25773.00,AL6849G,FirstClass,En Vuelo
326,Ingaborg,Sarle,36549.00,YP8665O,ExecutiveClass,Aterrizado
327,Lauretta,Heaven,12935.00,RN5808G,EconomyClass,Aterrizado
328,Amalea,MacCook,8481.00,JF0784R,FirstClass,Demorado
329,Demetri,Strick,80669.00,OS2111U,ExecutiveClass,En Horario
330,Lanna,Balducci,7405.00,DJ0580N,FirstClass,En Vuelo
331,Pietra,Golston,69460.00,GI5362B,ExecutiveClass,En Vuelo
332,Sidnee,Boykett,26952.00,WA9296T,ExecutiveClass,Demorado
333,Nicoline,Blachford,57448.00,QE2049P,ExecutiveClass,En Horario
334,Nancey,Grealish,59145.00,PL4368H,ExecutiveClass,Aterrizado
335,Nancee,Nenci,50339.00,EU4342W,ExecutiveClass,En Horario
336,Dottie,Jeannon,92106.00,VV7990R,FirstClass,En Horario
337,Lebbie,Jeannequin,96969.00,DT8146R,EconomyClass,En Horario
338,Jean,Hayzer,18245.00,ZR1037B,FirstClass,En Horario
339,Benita,Loghan,36561.00,WC2041W,EconomyClass,Demorado
340,Cleon,Hillborne,64542.00,JA4502A,EconomyClass,Demorado
341,Caesar,Cossans,99398.00,WN9799U,FirstClass,Aterrizado
342,Lock,Dumbellow,46381.00,GS1377A,ExecutiveClass,En Horario
343,Vernen,Pinock,34971.00,YM1763X,FirstClass,Demorado
344,Ike,Capner,23135.00,VZ5370V,FirstClass,En Vuelo
345,Stanislaw,Enrietto,25595.00,CB6285P,ExecutiveClass,Aterrizado
346,Ashia,Anear,92675.00,UL6169E,EconomyClass,Demorado
347,Monroe,Spohr,91744.00,PC5049O,FirstClass,Aterrizado
348,Dolly,Frankcombe,38543.00,XA4869U,ExecutiveClass,Demorado
349,Isa,Ruppert,89143.00,RZ4975Q,FirstClass,Aterrizado
350,Dorena,Scholtz,67736.00,RI8224Q,ExecutiveClass,En Horario
351,Iosep,Woodburn,95156.00,DJ9502S,FirstClass,En Vuelo
352,Rance,MacGuffog,95417.00,ZQ7198H,ExecutiveClass,En Vuelo
353,Selestina,Guyton,8401.00,JN4101M,EconomyClass,En Vuelo
354,Skell,Rosenhaupt,81851.00,AC8132N,EconomyClass,Demorado
355,Alfie,Corryer,14773.00,IR6814Q,FirstClass,En Vuelo
356,Carmina,Grangier,12787.00,DS4751D,FirstClass,En Vuelo
357,Faith,Brough,21552.00,RR9665P,EconomyClass,Demorado
358,Barr,Titlow,96350.00,UR4776A,ExecutiveClass,Demorado
359,Lenee,Chillcot,58650.00,SI2019I,ExecutiveClass,Aterrizado
360,Wendeline,Belton,66474.00,XJ0699Q,EconomyClass,Aterrizado
361,Davide,Shire,67881.00,PS2646D,EconomyClass,En Vuelo
362,Dinny,Gaunt,81385.00,ZF3613T,FirstClass,En Horario
363,Sukey,Riglar,62597.00,PY1020U,EconomyClass,Aterrizado
364,Ronald,Woodhead,69227.00,IZ8514Y,ExecutiveClass,En Horario
365,Harli,Reary,83037.00,MA9734R,ExecutiveClass,En Vuelo
366,Horatius,Epdell,35950.00,LS8717X,EconomyClass,Demorado
367,Royce,Kamena,99008.00,PR5789Y,FirstClass,En Horario
368,Paxon,Clac,5510.00,VF3900V,ExecutiveClass,En Horario
369,Rochester,Pattrick,66345.00,IO7293R,FirstClass,En Horario
370,Jemie,Eddleston,57124.00,SE2535B,FirstClass,En Horario
371,Clay,Dimitrie,75363.00,PD1143E,EconomyClass,En Horario
372,Susannah,Stigers,19502.00,AY0843B,EconomyClass,En Horario
373,Calla,Willgrass,70368.00,CV3500H,EconomyClass,En Horario
374,Jerrie,Linggood,67108.00,CH3755P,ExecutiveClass,En Vuelo
375,Chickie,Hammatt,19372.00,RA8297P,ExecutiveClass,Aterrizado
376,Osbourne,Kermath,19486.00,TG6352W,FirstClass,Demorado
377,Dominga,Prigmore,64172.00,HZ6459E,EconomyClass,En Vuelo
378,Lonnie,O'Reilly,78839.00,GT8686A,FirstClass,Aterrizado
379,Riki,Albury,32744.00,WG9226E,FirstClass,Aterrizado
380,Pepe,Andreone,82448.00,SV9983I,ExecutiveClass,En Horario
381,Luis,Meagher,70968.00,AL6193W,FirstClass,Demorado
382,Oralia,Ramshay,52339.00,ZA7793S,EconomyClass,En Vuelo
383,Gian,Wards,56531.00,UQ8809Z,ExecutiveClass,Demorado
384,Kalli,Wombwell,92125.00,GJ8757J,ExecutiveClass,En Horario
385,Gabriel,Menhci,16538.00,QJ3908L,EconomyClass,En Vuelo
386,Newton,McCleverty,87606.00,WO6241M,ExecutiveClass,Aterrizado
387,Faber,Pifford,42505.00,TX9353A,FirstClass,Aterrizado
388,Lorri,Mustarde,64940.00,VW3636M,EconomyClass,Demorado
389,Juliette,Willmot,89307.00,CK6728A,EconomyClass,Demorado
390,Krishna,Branchett,91080.00,EH7495B,EconomyClass,En Horario
391,Barbey,MacGinney,65173.00,GD7886I,EconomyClass,Aterrizado
392,Annecorinne,Gason,32429.00,SD8175R,EconomyClass,En Horario
393,Birgit,Buscombe,21004.00,FQ0759W,ExecutiveClass,Aterrizado
394,Bonny,Lotwich,9835.00,AF1038K,FirstClass,En Horario
395,Allys,Walbrun,65066.00,QT3744N,ExecutiveClass,Aterrizado
396,Marsh,Bartolacci,25999.00,PJ1145T,ExecutiveClass,Demorado
397,Giusto,Boyland,73208.00,PC3325I,FirstClass,Aterrizado
398,Filmer,Fishpoole,64481.00,MK2320P,EconomyClass,Demorado
399,Nikolaus,Milleton,71499.00,CY2305B,FirstClass,En Vuelo
400,Dudley,Novic,71485.00,LR3247A,FirstClass,En Vuelo
401,Eirena,Pickwell,37531.00,ZH0227X,ExecutiveClass,Demorado
402,Nikoletta,Prince,50266.00,YA8473V,ExecutiveClass,En Horario
403,Olivero,Gulley,83194.00,AU2816H,ExecutiveClass,Aterrizado
404,Maurie,Madigan,97384.00,IX3404K,FirstClass,En Vuelo
405,Stuart,Newsham,92582.00,OQ7760S,ExecutiveClass,Aterrizado
406,Joann,Binford,70151.00,FN0957T,ExecutiveClass,En Horario
407,Griffy,Timperley,54062.00,ZJ7534Y,ExecutiveClass,Demorado
408,Reta,Giacomello,16457.00,AU6113C,EconomyClass,En Horario
409,Stephenie,Vannuchi,10893.00,TL7627T,ExecutiveClass,Aterrizado
410,Boy,Maffei,18799.00,QR0223Z,ExecutiveClass,En Horario
411,Moritz,Gundrey,24250.00,OU5008E,EconomyClass,Demorado
412,Janeta,Pearcehouse,33178.00,VR1098E,EconomyClass,Aterrizado
413,Crysta,Dochon,67086.00,GC9279I,ExecutiveClass,En Vuelo
414,Avrom,Dewes,88109.00,AB3945V,FirstClass,Demorado
415,Dov,Ashenhurst,17386.00,ZZ5139M,EconomyClass,Demorado
416,Garwin,Areles,12338.00,OW0040N,ExecutiveClass,En Horario
417,Gideon,Bigrigg,72483.00,KB2096A,EconomyClass,En Vuelo
418,Curtis,Nulty,6891.00,VL5855B,ExecutiveClass,En Horario
419,Trudie,Dzeniskevich,98312.00,EP7664Y,EconomyClass,Demorado
420,Josy,Brownsea,31908.00,UI3747U,ExecutiveClass,Aterrizado
421,Janet,Daubeny,73936.00,DD4081E,ExecutiveClass,En Vuelo
422,Gloria,Rickets,49734.00,LU3240D,EconomyClass,En Horario
423,Terrill,Tombleson,85484.00,OJ6417Q,EconomyClass,Aterrizado
424,Roshelle,Janacek,83641.00,EK0726V,ExecutiveClass,Demorado
425,Brana,Farraway,86087.00,MI0767W,EconomyClass,Demorado
426,Ibrahim,Canet,49291.00,DB5082P,ExecutiveClass,Aterrizado
427,Noah,Javes,31554.00,NL7376P,EconomyClass,Aterrizado
428,Anne,Drummond,82595.00,AA4217F,ExecutiveClass,Aterrizado
429,Carla,Baalham,42589.00,EX0974P,ExecutiveClass,En Vuelo
430,Cammy,Realff,47705.00,FZ9813X,EconomyClass,En Vuelo
431,Edeline,Probbin,50382.00,IZ7144K,EconomyClass,En Vuelo
432,Sonnie,Donisi,74635.00,HS8641I,EconomyClass,Demorado
433,Delano,Hiddsley,98051.00,SX4028E,ExecutiveClass,Demorado
434,George,Wakeham,81262.00,SF2386W,ExecutiveClass,En Horario
435,Sabine,Tilburn,21239.00,YZ0671K,EconomyClass,En Vuelo
436,Gaelan,Storks,39328.00,VX9365P,FirstClass,En Vuelo
437,Addie,Khristyukhin,75267.00,XD9902O,FirstClass,En Horario
438,Guinevere,Weiss,76871.00,ZC6063F,ExecutiveClass,Demorado
439,Nicholle,Sawkin,81292.00,FL8556C,FirstClass,Aterrizado
440,Rachelle,Romanski,89213.00,CX7517Z,FirstClass,En Vuelo
441,Jule,McCrackem,53997.00,KQ2298M,FirstClass,En Horario
442,Odele,Jacklings,42565.00,TI8007A,ExecutiveClass,Demorado
443,Yasmeen,Curnokk,51994.00,DC3758V,FirstClass,Aterrizado
444,Catharine,Akers,55421.00,FK5704X,ExecutiveClass,En Horario
445,Jimmie,Dovermann,21781.00,UK5124U,ExecutiveClass,Aterrizado
446,Susan,Ecclesall,11355.00,VL4658E,ExecutiveClass,En Horario
447,Ian,Lucien,63125.00,VH4582N,ExecutiveClass,Aterrizado
448,Ariadne,Berfoot,60559.00,DL1935V,EconomyClass,Demorado
449,Guglielma,Farnorth,45988.00,UU6146J,FirstClass,En Horario
450,Keelby,Espinazo,27943.00,EV3405A,ExecutiveClass,En Vuelo
451,Prentice,O'Dreain,30325.00,TT7796M,FirstClass,Demorado
452,Herb,Wagstaff,18698.00,VJ2781Z,FirstClass,En Horario
453,Enrique,Fulker,34234.00,KY5970Y,FirstClass,Aterrizado
454,Weider,Dalloway,67268.00,DZ6011V,EconomyClass,En Vuelo
455,Chrissy,Ternent,36552.00,RD9052N,EconomyClass,En Vuelo
456,Hetty,Sturgess,19663.00,SA8566H,EconomyClass,Aterrizado
457,Car,MacGettigen,92643.00,BB9857W,EconomyClass,En Horario
458,Wendeline,Barensen,82796.00,WJ8921L,ExecutiveClass,En Vuelo
459,Hollis,Luthwood,54197.00,PX7787D,ExecutiveClass,Aterrizado
460,Alphonse,Dunbobbin,23270.00,XH0335M,ExecutiveClass,En Vuelo
461,Forest,Yegorshin,87326.00,IH7277Z,ExecutiveClass,En Horario
462,Guillema,Beinke,89031.00,FA8417V,FirstClass,Demorado
463,Dulcea,Timeby,6662.00,VN2996F,ExecutiveClass,En Horario
464,Bertie,Gensavage,93629.00,ZR2862U,EconomyClass,Demorado
465,Margarita,Litherland,99435.00,NA9170D,EconomyClass,Aterrizado
466,Towny,Moresby,91795.00,AT1108U,FirstClass,Aterrizado
467,Wood,Stedell,5428.00,MD5051K,FirstClass,Demorado
468,Padget,Meneux,63174.00,GA8844N,ExecutiveClass,Demorado
469,Heall,Rhydderch,59559.00,PI5280I,ExecutiveClass,En Vuelo
470,Lorie,O'Doghesty,41590.00,IQ4615S,ExecutiveClass,En Vuelo
471,Lawton,Matthewson,33574.00,FS5672I,EconomyClass,En Vuelo
472,Persis,Mahaffey,85607.00,OS3091U,ExecutiveClass,En Vuelo
473,Harrison,Reide,35032.00,KH6701C,FirstClass,Aterrizado
474,Maribel,Fawthrop,81083.00,AV8744E,ExecutiveClass,Demorado
475,Margaretha,Persian,43259.00,WE9546M,EconomyClass,En Vuelo
476,Dagmar,Normanville,9574.00,UN3952W,EconomyClass,Demorado
477,Hatty,McCrea,98699.00,FR7137B,EconomyClass,En Vuelo
478,Renell,Fullerton,38369.00,SM5806C,EconomyClass,En Horario
479,Zola,Morffew,61811.00,XP8207R,EconomyClass,En Vuelo
480,Cathlene,Boerder,83715.00,ID3236Q,EconomyClass,Aterrizado
481,Shelden,Stoving,62555.00,KM8289Y,FirstClass,En Horario
482,Lily,Imort,41524.00,VY4646E,ExecutiveClass,En Vuelo
483,Fae,Sweett,54380.00,WU8505H,FirstClass,Demorado
484,Prisca,Langdridge,33516.00,DK7093R,FirstClass,En Vuelo
485,Charlean,Bidgood,44425.00,SL9396C,ExecutiveClass,En Vuelo
486,Beverley,Brezlaw,76808.00,QG9877W,EconomyClass,En Vuelo
487,Nata,Dark,26844.00,GW5679T,EconomyClass,Demorado
488,Zola,Viccars,24914.00,MW7646Z,ExecutiveClass,Aterrizado
489,Casper,Fardy,7462.00,IG1739J,ExecutiveClass,Aterrizado
490,Aurelia,Glison,30455.00,DM6453S,ExecutiveClass,Demorado
491,Arnoldo,Locke,22095.00,HP3169D,ExecutiveClass,En Horario
492,Wilfred,Choppin,18210.00,DG4819U,EconomyClass,Demorado
493,Zsa zsa,Brotherton,7992.00,WF3792M,ExecutiveClass,Demorado
494,Tommy,Lamboll,95930.00,MW3310F,EconomyClass,En Horario
495,Marylinda,Battill,23257.00,GU2998E,FirstClass,En Vuelo
496,Velma,O'Hannigan,97301.00,SS1621G,FirstClass,Aterrizado
497,Odele,Hallgarth,13065.00,JD5461M,EconomyClass,Aterrizado
498,Almire,Caig,33287.00,YS6645I,EconomyClass,En Vuelo
499,Pip,Dahlborg,48018.00,ZR9565R,FirstClass,En Horario
500,Stephanie,Dobrowolski,38748.00,FF2392P,EconomyClass,En Vuelo
501,Lindi,Crampsey,33952.00,YG6134Y,FirstClass,En Vuelo
502,Lucinda,Struijs,28206.00,RT7720E,ExecutiveClass,Aterrizado
503,Lauren,Richard,11704.00,EL4609H,ExecutiveClass,Demorado
504,Juline,Janusz,59459.00,RQ6994M,FirstClass,Aterrizado
505,Angie,Lusher,16609.00,VL8801S,EconomyClass,En Vuelo
506,Werner,Gallant,59665.00,SA3860I,FirstClass,Demorado
507,Kinnie,Gyurkovics,38982.00,VX3598X,FirstClass,Aterrizado
508,Christiane,Niave,8146.00,TG8525D,FirstClass,Demorado
509,Genna,Barabisch,23957.00,BR6122Z,ExecutiveClass,Aterrizado
510,Karee,Geockle,81121.00,JL7564W,EconomyClass,Aterrizado
511,Morty,Summerrell,23613.00,NB7196F,ExecutiveClass,Demorado
512,Ferdinande,Lowin,60036.00,BF8066A,ExecutiveClass,Aterrizado
513,Erika,Prewer,82648.00,WU6494X,FirstClass,En Vuelo
514,Elnore,Wolstencroft,56341.00,HT2900N,ExecutiveClass,Demorado
515,Hermy,Stack,12735.00,HY3931S,FirstClass,Demorado
516,Ina,Larder,36985.00,ZW8671U,ExecutiveClass,Aterrizado
517,Delinda,Bolens,33943.00,QB8807M,ExecutiveClass,En Vuelo
518,Danice,Penlington,27326.00,SM1517R,FirstClass,Demorado
519,Cooper,Stronghill,94185.00,KT5432F,FirstClass,En Horario
520,Antony,McGoon,98010.00,WQ6507E,EconomyClass,En Horario
521,Baxie,Brugman,28744.00,HK9333W,ExecutiveClass,En Horario
522,Gert,Scyone,63779.00,QL7492J,FirstClass,Demorado
523,Edith,Hardi,62868.00,PW8923J,FirstClass,En Vuelo
524,Cynthea,Tillerton,98331.00,BQ6657X,ExecutiveClass,Aterrizado
525,Hazel,Lackinton,20998.00,KR6444S,EconomyClass,Aterrizado
526,Zarla,Yakunikov,18150.00,FZ1344V,ExecutiveClass,Aterrizado
527,Monroe,Beldom,34211.00,HM0864Z,ExecutiveClass,Demorado
528,John,McGilvray,83174.00,ZD8274Y,ExecutiveClass,En Vuelo
529,Giustino,Shutler,12782.00,XT2011I,FirstClass,Aterrizado
530,Molly,Champley,77071.00,ZZ4880O,EconomyClass,En Horario
531,Tammy,Kincade,74167.00,YE6482G,ExecutiveClass,Demorado
532,Maisie,Becraft,72144.00,BB8150C,ExecutiveClass,Aterrizado
533,Antoine,Choat,19441.00,JL7311J,FirstClass,En Vuelo
534,Aldwin,Frowde,15826.00,TW8063M,FirstClass,En Horario
535,Waldon,Do,65332.00,XY3915A,ExecutiveClass,Demorado
536,Jess,Struthers,38221.00,KS1734Z,FirstClass,En Vuelo
537,Erhart,Geroldini,90826.00,CR0208V,ExecutiveClass,Demorado
538,Guinna,Claige,72252.00,MA8940A,EconomyClass,En Horario
539,Letti,Pybworth,84462.00,YA2766X,FirstClass,En Vuelo
540,Eloise,Yandle,25628.00,HS5451O,FirstClass,En Horario
541,Hyacinth,Espinal,53608.00,MW5209L,ExecutiveClass,En Vuelo
542,Christian,Masterson,97941.00,IC5778I,ExecutiveClass,Aterrizado
543,Brewer,MacPherson,48426.00,ML1658C,ExecutiveClass,Demorado
544,Joann,Stiffkins,47635.00,AB1248V,ExecutiveClass,Aterrizado
545,Carlota,Mirfield,50083.00,GP2039J,EconomyClass,Aterrizado
546,Natal,Higbin,21219.00,ZE1718D,FirstClass,En Horario
547,Yardley,Knott,31950.00,QS1444Y,ExecutiveClass,En Horario
548,Jorge,Bracchi,92974.00,RK6471H,ExecutiveClass,En Horario
549,Merci,Harflete,21986.00,PP1052C,ExecutiveClass,Demorado
550,Blithe,Winspear,34573.00,OX7639N,EconomyClass,Demorado
551,Olympia,McAw,85885.00,OX9134Q,FirstClass,Demorado
552,Sayre,Toyne,84008.00,HN2485S,FirstClass,En Vuelo
553,Elfrida,Gozzard,33968.00,NY0176Z,FirstClass,En Vuelo
554,Madelin,Lambourne,36292.00,WJ3086M,FirstClass,En Horario
555,Antoni,Godbald,74604.00,VL0124R,EconomyClass,En Horario
556,Penny,Baribal,56653.00,ME0463F,EconomyClass,Aterrizado
557,Alic,Lesor,72760.00,RY8197O,FirstClass,En Vuelo
558,Hayes,MacAllen,14734.00,RV2389N,ExecutiveClass,En Vuelo
559,Marlene,Pregel,18247.00,CY3404M,EconomyClass,En Vuelo
560,Evy,Kharchinski,98392.00,SW5214H,EconomyClass,Demorado
561,Gilligan,Inchcomb,52015.00,DN8442O,FirstClass,En Vuelo
562,Shelly,Beese,72435.00,XD1246I,FirstClass,Aterrizado
563,Josephine,Gippes,46845.00,BR1226W,EconomyClass,En Horario
564,Dianna,Pelchat,90851.00,HW6520D,EconomyClass,En Vuelo
565,Branden,Sandbach,44818.00,BN3504X,ExecutiveClass,En Horario
566,Vania,Molyneux,74189.00,KX5550Y,ExecutiveClass,En Horario
567,Shelbi,Larive,34417.00,XH0286B,ExecutiveClass,Aterrizado
568,Wilfred,Dragon,74544.00,ZW8049X,EconomyClass,Aterrizado
569,Clark,Woodfield,82308.00,CM3037J,EconomyClass,Aterrizado
570,Kingsly,Fozard,84580.00,CG2441U,EconomyClass,En Vuelo
571,Erica,Ausello,46860.00,JJ1474A,EconomyClass,Aterrizado
572,Uri,Jotcham,8281.00,FU2505P,EconomyClass,Demorado
573,Catha,Cuttings,18115.00,KA5077L,FirstClass,En Horario
574,Joyce,Pulbrook,76637.00,XB6099A,ExecutiveClass,Demorado
575,Humfrey,Jumont,87164.00,OX5289F,FirstClass,Demorado
576,Melisenda,Seiler,30198.00,NN7952U,ExecutiveClass,En Horario
577,Darius,Hambling,94780.00,HE7340G,FirstClass,En Vuelo
578,Orran,MacLleese,99367.00,FM0072V,EconomyClass,En Horario
579,Sherwin,Bleasdille,95827.00,UR8115U,FirstClass,Aterrizado
580,Vinny,Chitson,99445.00,PW0318D,FirstClass,En Horario
581,Ware,Olwen,7553.00,OD6935D,EconomyClass,En Horario
582,Bryana,Faherty,27071.00,OF5142L,EconomyClass,En Horario
583,Mikael,Eriksson,97131.00,OM7060X,EconomyClass,Demorado
584,Linette,Yorke,70675.00,CF5924O,EconomyClass,En Horario
585,Tori,Baggott,85015.00,QM1381I,FirstClass,En Horario
586,Lorine,Mouatt,86347.00,XA5261G,FirstClass,Aterrizado
587,Valerie,Laslett,99667.00,QS9325C,EconomyClass,En Horario
588,Leonora,Aronin,69489.00,HF9945L,FirstClass,Aterrizado
589,Christiane,Davidovici,72088.00,LB5482G,EconomyClass,Demorado
590,Brock,Konig,66285.00,BP1237Y,ExecutiveClass,Aterrizado
591,Anallese,Antczak,65371.00,KV7852T,FirstClass,Aterrizado
592,Gipsy,Codlin,83738.00,II6887A,ExecutiveClass,En Vuelo
593,D'arcy,Parkhouse,7601.00,JG7501L,ExecutiveClass,Aterrizado
594,Enrika,Garden,97666.00,IP3094O,ExecutiveClass,Demorado
595,Aldin,Guillon,31005.00,GP5279I,ExecutiveClass,Demorado
596,Nolan,Castagnasso,96621.00,WR4216I,FirstClass,En Vuelo
597,Preston,Jodlkowski,98994.00,CT5438S,EconomyClass,En Vuelo
598,Costanza,McKernan,27764.00,SK5846Y,FirstClass,Aterrizado
599,Cull,Lazar,85510.00,WR0066B,EconomyClass,Aterrizado
600,Willey,Clancy,61018.00,IU1328V,ExecutiveClass,En Vuelo
601,Ole,Oliveto,57900.00,BX3854E,EconomyClass,Demorado
602,Javier,Masson,91890.00,TM5135C,FirstClass,Demorado
603,Rafaelia,Whitbread,9325.00,LA4628H,EconomyClass,Demorado
604,Cyndi,Lomb,72185.00,BK2915X,ExecutiveClass,En Horario
605,Dione,Passie,25370.00,OZ7037S,ExecutiveClass,En Vuelo
606,Barbaraanne,Ryland,72709.00,JB6248Z,ExecutiveClass,En Horario
607,Magdaia,Lease,12890.00,NZ5577V,FirstClass,Demorado
608,Cob,Stennett,53001.00,RH1787N,ExecutiveClass,Aterrizado
609,Eileen,Marran,52308.00,WC9510K,FirstClass,Demorado
610,Anetta,Denson,19395.00,AM6865M,FirstClass,Aterrizado
611,Donn,Danilchik,17658.00,SX7164E,ExecutiveClass,Demorado
612,Alan,McGing,31259.00,WO0603Y,FirstClass,En Horario
613,Nickie,Bunce,17730.00,KD5964S,ExecutiveClass,En Vuelo
614,Benoit,Rihanek,90388.00,OX1382C,EconomyClass,En Horario
615,Richmound,Wasmer,61639.00,VT6955F,ExecutiveClass,En Horario
616,Ellynn,Lansley,12021.00,QL4252K,EconomyClass,En Horario
617,Arlan,Haggas,18682.00,KS0829P,ExecutiveClass,En Vuelo
618,Julie,Eam,15398.00,HS7724C,EconomyClass,Aterrizado
619,Malia,Denisovich,87261.00,JX1459O,EconomyClass,En Horario
620,Georg,Lewcock,62877.00,GK2956K,EconomyClass,En Horario
621,Joby,Derry,47901.00,CC6492K,EconomyClass,En Vuelo
622,Lavina,Quig,7562.00,WW6043G,ExecutiveClass,En Vuelo
623,Gayel,Kenaway,71063.00,IU1614J,FirstClass,Aterrizado
624,Jeramey,Mosedale,58232.00,AN2637C,FirstClass,Demorado
625,Elmore,Pucker,94909.00,EO6607E,FirstClass,En Horario
626,Marcie,Cordell,12942.00,NP5161Y,FirstClass,Demorado
627,Linnea,Eglinton,53379.00,EV9606G,FirstClass,Aterrizado
628,Dianna,Crabb,60716.00,ZG6336Z,FirstClass,En Vuelo
629,Benson,Creeboe,62094.00,AY5819N,ExecutiveClass,Demorado
630,Anthia,Berrisford,89364.00,IP4148Q,ExecutiveClass,En Horario
631,Thomasin,Suthren,98168.00,OR8026J,EconomyClass,En Vuelo
632,Renee,Pembridge,29466.00,ST9676Z,FirstClass,En Horario
633,Valenka,Huckster,99771.00,EK2764Y,EconomyClass,Aterrizado
634,Hunt,Howel,41550.00,ZJ3309K,EconomyClass,En Vuelo
635,Axel,Shearer,53866.00,ZG5365T,ExecutiveClass,En Horario
636,Fionna,Robbins,34734.00,CM9558H,FirstClass,Demorado
637,Jed,Rosenstengel,61369.00,GB3879H,EconomyClass,En Vuelo
638,Mariel,Grasser,19266.00,GU1266I,EconomyClass,Demorado
639,Quentin,Manes,72855.00,HR0745P,EconomyClass,Aterrizado
640,Skyler,Kirkby,62965.00,DM7533Y,ExecutiveClass,En Horario
641,Marlie,Symon,97687.00,WC6723N,EconomyClass,En Horario
642,Arabela,D'Aeth,12269.00,BI1627I,FirstClass,Aterrizado
643,Rycca,Riehm,89792.00,RV2322H,FirstClass,Aterrizado
644,Valencia,Aitkin,68832.00,GA2391X,EconomyClass,En Horario
645,Louella,Chitty,45844.00,II6783N,FirstClass,En Horario
646,Codi,Pleaden,28749.00,ZZ6608T,EconomyClass,Demorado
647,Ajay,MacDowal,30407.00,RW2173M,ExecutiveClass,En Vuelo
648,Nicki,Kinker,87982.00,JA6360H,ExecutiveClass,En Horario
649,Dominic,Mutimer,67016.00,PG8779D,FirstClass,Demorado
650,Fulvia,Bunyan,93341.00,JT2486J,ExecutiveClass,Demorado
651,Kenn,Climpson,40613.00,OH3839M,ExecutiveClass,En Horario
652,Edita,Nowakowski,51850.00,JQ3950Q,EconomyClass,En Horario
653,Maurizio,Goodoune,78625.00,GB7395F,FirstClass,Aterrizado
654,Hulda,Gruczka,94551.00,XD7033Z,EconomyClass,En Vuelo
655,Ringo,Callender,39673.00,BS6325T,ExecutiveClass,Demorado
656,Dina,Parmiter,21206.00,FE6276H,EconomyClass,En Vuelo
657,Yancey,Baglow,10715.00,KW1353D,ExecutiveClass,En Vuelo
658,Francesco,Davidovicz,16568.00,VR7825U,ExecutiveClass,En Horario
659,Lauren,Slemmonds,57710.00,MG0143N,FirstClass,Demorado
660,Robinetta,Trusdale,81350.00,MB0026L,ExecutiveClass,En Horario
661,Jaquelyn,Hadlee,15757.00,JG2981I,FirstClass,Aterrizado
662,Humphrey,Aucourte,9643.00,HQ3156P,FirstClass,Demorado
663,Don,Grimsditch,61300.00,AS0253O,EconomyClass,Demorado
664,Patricia,Straniero,38085.00,TE0976N,EconomyClass,En Horario
665,Starlin,Minucci,67364.00,OF0123R,EconomyClass,En Horario
666,Angelica,Dwelley,88308.00,TO1980N,EconomyClass,En Vuelo
667,Clara,Dowsey,64201.00,RG8182W,FirstClass,En Horario
668,Augustus,Cisec,29808.00,SI1773G,EconomyClass,En Horario
669,Ethyl,Playfair,11726.00,CW2178F,FirstClass,Demorado
670,Kean,Soares,76925.00,ES9887U,ExecutiveClass,En Horario
671,Alethea,Berns,63149.00,GP0941C,EconomyClass,En Horario
672,Norma,Ary,93736.00,HA9674R,FirstClass,Aterrizado
673,Averyl,Pigot,87464.00,MD0935N,EconomyClass,Aterrizado
674,Conway,Gainforth,87743.00,IL6204Q,FirstClass,En Vuelo
675,Joeann,Denk,42672.00,KG5735E,FirstClass,Aterrizado
676,Waldon,Lindblad,64937.00,FO4864V,ExecutiveClass,En Vuelo
677,Jada,Blaza,86487.00,OA6626B,ExecutiveClass,Aterrizado
678,Aubry,Beteriss,27048.00,PV4666E,ExecutiveClass,Aterrizado
679,Effie,Geggie,28902.00,SC4542U,ExecutiveClass,En Horario
680,Tucky,Gowthrop,63987.00,CQ1899T,EconomyClass,Demorado
681,Hillery,Ciccottini,43074.00,YF3625X,EconomyClass,En Vuelo
682,Mord,Flemmich,70978.00,IY6165Z,EconomyClass,Demorado
683,Darleen,Arnot,38410.00,PG1138V,EconomyClass,Demorado
684,Madelina,Starkie,65198.00,MD7320A,EconomyClass,Aterrizado
685,Sunny,Dedmam,34881.00,RY4617K,FirstClass,Aterrizado
686,Meridith,Tilzey,41650.00,RN6557R,EconomyClass,En Horario
687,Lazare,Jovic,70345.00,JX3779O,EconomyClass,Aterrizado
688,Felicle,Dyche,35461.00,XU2146E,ExecutiveClass,En Vuelo
689,Boothe,Clemmen,99576.00,EZ1899O,FirstClass,En Horario
690,Rene,Brimner,17245.00,FH4751A,ExecutiveClass,Demorado
691,Asia,Carr,62536.00,NK8944R,EconomyClass,En Vuelo
692,Kiley,Orbell,55479.00,IW6567P,ExecutiveClass,Demorado
693,Gwenny,Thieme,56020.00,TV5722H,EconomyClass,Aterrizado
694,Warde,Lougheed,8960.00,OW0798I,EconomyClass,En Vuelo
695,Floris,Artis,47898.00,FF6496S,FirstClass,Aterrizado
696,Constanta,Greeno,48722.00,ZW9366R,ExecutiveClass,En Vuelo
697,Constanta,Treneer,87688.00,ZJ3522D,EconomyClass,En Horario
698,Gabbie,McLeary,30805.00,LJ0668C,FirstClass,En Horario
699,Isabella,Gallyhaock,98085.00,FF1065I,EconomyClass,Aterrizado
700,Arly,Biddy,85612.00,QE5939T,EconomyClass,En Horario
701,Rollin,Caudle,71766.00,HH6564G,ExecutiveClass,En Vuelo
702,Amerigo,Paolinelli,32408.00,DD6528N,FirstClass,Aterrizado
703,Kelsi,Lebarree,33572.00,VF7042Z,FirstClass,En Vuelo
704,Clevie,Kull,22567.00,NT7305X,ExecutiveClass,Aterrizado
705,Kyle,Gianolini,44175.00,KN3477Y,EconomyClass,Aterrizado
706,Evelina,de Bullion,53183.00,WT8669U,ExecutiveClass,Demorado
707,Rey,Blemings,12823.00,JC6393S,FirstClass,Demorado
708,Shayne,McSweeney,70001.00,EQ2510U,ExecutiveClass,En Horario
709,Thia,Ibel,5933.00,ZO9899B,EconomyClass,En Horario
710,Claretta,Clampe,32392.00,LI6101I,EconomyClass,Demorado
711,Caritta,MacDiarmid,9863.00,KC5625B,ExecutiveClass,En Horario
712,Elga,Panks,97342.00,XZ7285T,EconomyClass,En Horario
713,Shaun,Paeckmeyer,73686.00,DI9835Q,EconomyClass,En Vuelo
714,Grethel,Boosey,71341.00,RB4986N,ExecutiveClass,En Horario
715,Kyrstin,Gonnet,74438.00,IA4719N,FirstClass,Demorado
716,Pearle,Foggarty,50583.00,HE9280Z,EconomyClass,En Vuelo
717,Herta,Casassa,77352.00,PO6274S,FirstClass,En Horario
718,Barclay,De Miranda,22618.00,YQ4540T,ExecutiveClass,En Vuelo
719,Mose,Rajchert,92481.00,TJ3769A,FirstClass,En Horario
720,Susana,Silverthorn,93177.00,RR6634K,FirstClass,En Vuelo
721,Caryn,Dybbe,57997.00,JH1835A,EconomyClass,En Horario
722,Frances,Jackett,46602.00,CM5844J,ExecutiveClass,Aterrizado
723,Trever,MacAndie,57649.00,JA7880H,FirstClass,En Horario
724,Sutherland,Panons,9001.00,MT2210U,EconomyClass,Aterrizado
725,Mehetabel,Cadwallader,82947.00,PQ8426J,EconomyClass,En Horario
726,Tadeas,Portman,36282.00,ZW3951U,EconomyClass,En Horario
727,Maddy,Blaine,97569.00,YC4570W,ExecutiveClass,Aterrizado
728,Aleen,Patron,59502.00,YY5939Q,FirstClass,Aterrizado
729,Nora,Rains,84959.00,US6761T,ExecutiveClass,Aterrizado
730,Eileen,Oddey,52759.00,SL8184I,ExecutiveClass,En Horario
731,Leanor,di Rocca,97209.00,OZ8102M,EconomyClass,En Horario
732,Chickie,Shepherdson,60969.00,AG7685G,FirstClass,En Vuelo
733,Tobie,Kyberd,34428.00,IC6332O,FirstClass,En Vuelo
734,Flin,Wrixon,39460.00,CW6597Q,FirstClass,Demorado
735,Archibaldo,Garlick,14539.00,IH1167R,ExecutiveClass,Demorado
736,Collete,Donne,82840.00,ME9477D,EconomyClass,En Horario
737,Cathi,Osbidston,69391.00,OG1981H,EconomyClass,En Vuelo
738,Gertruda,Philippsohn,7780.00,CD7815W,EconomyClass,Aterrizado
739,Carroll,Matuszak,15448.00,QO8848K,EconomyClass,Aterrizado
740,Gardener,Landes,27513.00,SS7523X,EconomyClass,En Horario
741,Jannel,Rosenbarg,55710.00,FX0287L,FirstClass,En Horario
742,Ulrica,Ioannidis,80173.00,SN3804V,EconomyClass,Aterrizado
743,Tito,Plampin,62913.00,RM1413W,FirstClass,Aterrizado
744,Willetta,Trevaskis,25340.00,RK7410F,ExecutiveClass,Demorado
745,Danya,Samworth,19222.00,HT4497W,EconomyClass,En Horario
746,Berthe,Nerger,73058.00,ZS9335G,ExecutiveClass,En Vuelo
747,Kaitlin,Phelip,60178.00,HA5950I,ExecutiveClass,Demorado
748,Allsun,Tanguy,74422.00,OB5961P,FirstClass,Aterrizado
749,Masha,Keane,39023.00,IR5883R,EconomyClass,Aterrizado
750,Courtenay,Garrand,13631.00,VE4064H,ExecutiveClass,En Vuelo
751,Doloritas,Worgan,45252.00,VB6023D,EconomyClass,Aterrizado
752,Max,Anthonsen,26966.00,HH6637L,ExecutiveClass,En Horario
753,Zia,Conlon,25133.00,JJ7725J,FirstClass,En Vuelo
754,Joachim,Mellodey,13050.00,QJ7100H,ExecutiveClass,En Vuelo
755,Maggi,Theobald,41375.00,FL9289R,FirstClass,Demorado
756,Iona,Ather,41239.00,KW6342K,FirstClass,En Vuelo
757,Kirsteni,Lindfors,6951.00,YH8149R,FirstClass,Demorado
758,Evvie,Jacobssen,24161.00,FB7951E,FirstClass,Aterrizado
759,Sibley,Gianasi,38040.00,XH2068G,FirstClass,Aterrizado
760,Matthias,Keable,6782.00,LZ8642V,FirstClass,Aterrizado
761,Isaac,Tunnoch,37343.00,HS3874V,EconomyClass,Aterrizado
762,Base,Joanic,21934.00,TQ6236I,FirstClass,Demorado
763,Omero,Weatherhill,29443.00,VZ7702U,ExecutiveClass,Demorado
764,Cornall,Castells,76116.00,MH9833C,EconomyClass,Aterrizado
765,Barthel,Clampin,18298.00,KT7147G,EconomyClass,En Horario
766,Pennie,Baldinotti,31132.00,KE8111M,EconomyClass,En Horario
767,Kleon,Karlqvist,32276.00,PB9641P,ExecutiveClass,En Horario
768,Merwyn,Cavey,46426.00,TB0224T,ExecutiveClass,Demorado
769,Hewett,Troop,23083.00,PT0237P,ExecutiveClass,Aterrizado
770,Uriah,Polley,15447.00,NU7280S,ExecutiveClass,En Horario
771,Dory,Beldam,67643.00,OE8743E,ExecutiveClass,Demorado
772,Kirbee,Oldfield-Cherry,51564.00,JM3244R,FirstClass,Aterrizado
773,Willette,Fears,34286.00,HY5075B,ExecutiveClass,Aterrizado
774,Rhona,Fortune,19980.00,NH1278V,FirstClass,En Vuelo
775,Reginauld,Pallin,44098.00,BX6367T,EconomyClass,En Vuelo
776,Trudi,Dron,97883.00,FW4765L,FirstClass,En Horario
777,Giacopo,Rallin,46561.00,US9955J,EconomyClass,En Vuelo
778,Nanine,Plews,48104.00,ET2182I,ExecutiveClass,En Horario
779,Arv,Yanshonok,31814.00,AD5371C,ExecutiveClass,En Horario
780,Ronnie,Kelwick,66392.00,AH2762G,FirstClass,En Horario
781,Kala,Bleyman,75857.00,RA3141F,FirstClass,En Horario
782,Kale,Conrath,29462.00,FB5323O,EconomyClass,Demorado
783,Ddene,Jakubiak,27230.00,CC7717F,FirstClass,Demorado
784,Seymour,Fellona,65386.00,II9364L,EconomyClass,En Horario
785,Bern,Whittall,95809.00,RN5681P,ExecutiveClass,Aterrizado
786,Giana,Parysowna,44797.00,CS8940W,FirstClass,Demorado
787,Aura,Carmen,50138.00,ER6264A,FirstClass,En Horario
788,Alfie,Vasilchenko,65831.00,EN9681I,EconomyClass,En Vuelo
789,Brinna,Betje,12560.00,LY9406I,EconomyClass,Aterrizado
790,Doralia,Caton,94935.00,KS4998H,ExecutiveClass,En Vuelo
791,Gonzalo,McSorley,41157.00,OE2725A,EconomyClass,Aterrizado
792,Glynis,Coulling,47172.00,RB6984D,FirstClass,En Vuelo
793,Aretha,Govier,11678.00,DI9841J,EconomyClass,En Vuelo
794,Dell,McLeoid,22754.00,JB9997Z,FirstClass,En Horario
795,Cheslie,Wingham,67218.00,HX6427Y,FirstClass,En Vuelo
796,Maggy,Kettel,85861.00,JA7264B,EconomyClass,Demorado
797,Frankie,Diess,11507.00,AJ6016K,EconomyClass,En Vuelo
798,Koralle,Belchamber,45385.00,WV2510D,ExecutiveClass,En Vuelo
799,Jessika,Swetman,73861.00,TA4322L,EconomyClass,Demorado
800,Ardelia,Freshwater,47451.00,QX5871K,EconomyClass,En Vuelo
801,Davide,Bathowe,18876.00,DW4376H,FirstClass,En Horario
802,Hamlen,Slocom,54274.00,OL3262A,EconomyClass,Demorado
803,Marilyn,Ramas,76371.00,FZ7352I,ExecutiveClass,Aterrizado
804,Shep,Sunnex,45332.00,TJ2549B,EconomyClass,En Horario
805,Lazar,Kharchinski,80627.00,QO3022Y,ExecutiveClass,Demorado
806,Zulema,Greatham,38478.00,LU6207T,EconomyClass,En Horario
807,Lydie,Merrigan,90631.00,AS6901V,ExecutiveClass,En Vuelo
808,Arney,Aimable,57488.00,CC5916M,FirstClass,Demorado
809,Benedick,Bootherstone,44066.00,ZT0567B,ExecutiveClass,Aterrizado
810,Morly,Buss,86184.00,HV0425H,ExecutiveClass,En Vuelo
811,Sammy,Dwerryhouse,8536.00,KZ6397V,ExecutiveClass,Aterrizado
812,Ollie,de Bullion,95231.00,BU7953W,FirstClass,En Vuelo
813,Annie,Shynn,38515.00,BG9509L,FirstClass,En Vuelo
814,Nahum,Castagneto,77070.00,IY8915F,ExecutiveClass,Aterrizado
815,Blair,Lowen,23630.00,CE9125G,ExecutiveClass,En Vuelo
816,Carmela,Brech,26748.00,GR7315J,FirstClass,Aterrizado
817,Ekaterina,Berrecloth,53389.00,GH3504Q,ExecutiveClass,Aterrizado
818,Ibrahim,Duffield,91492.00,WP9904X,EconomyClass,En Horario
819,Merralee,Dymoke,9602.00,XV4236O,ExecutiveClass,En Horario
820,Gennie,Hayhow,20669.00,VJ6324Y,FirstClass,Aterrizado
821,Efrem,Brotherhed,86896.00,SJ5979C,FirstClass,Demorado
822,Bernadine,Feild,91125.00,IS6835K,ExecutiveClass,En Vuelo
823,Flo,Hadny,61208.00,KM1346O,EconomyClass,En Vuelo
824,Rochette,Midgley,99571.00,MY3238L,EconomyClass,Demorado
825,Dede,Flahive,62786.00,GU6912T,EconomyClass,En Vuelo
826,Esma,McCorkell,94258.00,QK1343E,ExecutiveClass,Aterrizado
827,Aidan,Schwandner,9603.00,NC3284K,FirstClass,En Horario
828,Joey,Felder,24166.00,SI6753W,ExecutiveClass,Aterrizado
829,Rosie,Gendrich,96961.00,MX2080C,EconomyClass,En Vuelo
830,Zachariah,Gotts,50357.00,RT3292L,FirstClass,En Horario
831,Claudie,Sertin,75222.00,LE1148Z,FirstClass,En Horario
832,Lawton,McEwen,16069.00,EY2184M,FirstClass,En Vuelo
833,Thedrick,Phare,23093.00,LC0102M,FirstClass,Demorado
834,Janet,Kurt,41432.00,JU7565L,EconomyClass,Demorado
835,Zak,MacCaig,73759.00,GD7358L,FirstClass,En Vuelo
836,Keenan,Stevings,76018.00,UI6658W,EconomyClass,Demorado
837,Zita,Antoniutti,55004.00,XN6117A,FirstClass,Aterrizado
838,Kirby,Wraggs,43615.00,LF9788J,FirstClass,Demorado
839,Bren,Ewart,31124.00,GM9617S,FirstClass,Demorado
840,Syman,Hazelden,91932.00,GX4752J,ExecutiveClass,En Horario
841,Adelind,Foan,14142.00,NT9094P,ExecutiveClass,En Horario
842,Claudie,Powdrell,48181.00,RO7053E,EconomyClass,En Vuelo
843,Tabby,Fennick,99255.00,IJ3217V,EconomyClass,En Vuelo
844,Hedy,Gotcliff,87409.00,KE1468V,FirstClass,En Horario
845,Salvatore,Fuidge,68163.00,KS7968S,EconomyClass,En Vuelo
846,Michal,Humphris,41620.00,ZB3393H,FirstClass,En Vuelo
847,Armin,Halleday,33547.00,FY6672N,EconomyClass,Demorado
848,Had,Barks,82273.00,AX3951P,ExecutiveClass,Demorado
849,Lammond,Headon,43632.00,DC8006E,EconomyClass,Aterrizado
850,Nannie,Bertholin,99416.00,WJ0273P,FirstClass,Aterrizado
851,Elvis,Friend,7292.00,MI4047Q,ExecutiveClass,En Horario
852,Bernadine,Roycroft,82126.00,LL4918B,EconomyClass,Demorado
853,Debbie,Klicher,50920.00,HK8832W,ExecutiveClass,En Vuelo
854,Lorena,Pughe,33238.00,SJ7472F,FirstClass,Aterrizado
855,Hetti,Hathorn,87536.00,AX0768D,ExecutiveClass,Aterrizado
856,Tedi,Gauld,51030.00,RP6820C,EconomyClass,Demorado
857,Madella,Thornbarrow,68641.00,DY6075W,EconomyClass,En Horario
858,Susana,Saint,11133.00,KU5327E,FirstClass,En Horario
859,Ricoriki,Sherred,81882.00,NH4662Q,ExecutiveClass,Demorado
860,Shani,Keuntje,41903.00,NL8412W,ExecutiveClass,Aterrizado
861,Orelle,Brough,88540.00,WS9541W,ExecutiveClass,Demorado
862,Ameline,Maunders,97723.00,PH7136Z,EconomyClass,Aterrizado
863,Darb,Wilfinger,54990.00,JV6277K,EconomyClass,Demorado
864,Godiva,Dunan,85110.00,JA0861C,ExecutiveClass,En Horario
865,Free,Thurber,43103.00,KK0797C,ExecutiveClass,En Horario
866,Loise,Ivushkin,29092.00,GD0816M,ExecutiveClass,Aterrizado
867,Benoit,Millmore,39292.00,UN2345B,EconomyClass,Aterrizado
868,Amelie,Pickles,63117.00,YG1964L,EconomyClass,En Vuelo
869,Klaus,Pickaver,92214.00,FL9167G,EconomyClass,En Horario
870,Nikki,BoHlingolsen,71033.00,UL8658G,EconomyClass,Demorado
871,Delphinia,Devenport,5984.00,JX8453V,ExecutiveClass,En Vuelo
872,Celine,Darwin,35124.00,VU2853N,FirstClass,En Vuelo
873,Gary,Tutchings,77019.00,DI4027N,EconomyClass,Aterrizado
874,Bartholemy,Aleksandrikin,57720.00,QC8917U,EconomyClass,Aterrizado
875,Garek,Rogger,67339.00,OF5234I,FirstClass,Demorado
876,Alix,Chape,22937.00,BN5829R,FirstClass,En Vuelo
877,Gabrila,Seefeldt,94452.00,NS9372C,EconomyClass,En Vuelo
878,Anna-maria,Backen,12810.00,IF1533C,ExecutiveClass,Aterrizado
879,Aldon,Maffeo,95012.00,TQ8974Y,ExecutiveClass,En Vuelo
880,Beret,Sneyd,80751.00,PE1679C,ExecutiveClass,En Horario
881,Nicky,Puddin,96818.00,NJ5406S,EconomyClass,En Vuelo
882,Cacilia,Goggin,16046.00,YA1972R,FirstClass,En Horario
883,Korney,Morrieson,22835.00,MC4154P,EconomyClass,Aterrizado
884,Dare,O'Cosgra,45826.00,YJ1722T,ExecutiveClass,Demorado
885,Hermia,O'Connell,25432.00,SW3310A,EconomyClass,En Horario
886,Willetta,Shackel,52917.00,RQ9219Q,ExecutiveClass,Aterrizado
887,Colby,Pumphreys,14994.00,OI2050J,EconomyClass,En Vuelo
888,Romona,Kisby,48007.00,DX7577U,FirstClass,En Horario
889,Dan,Osan,51408.00,LZ0658U,EconomyClass,En Vuelo
890,Sarine,Salmen,71505.00,XW6657Y,ExecutiveClass,En Vuelo
891,Lucie,Simcock,44130.00,DH7124Z,ExecutiveClass,Aterrizado
892,Arly,Hassey,40175.00,AH5814Q,ExecutiveClass,Aterrizado
893,Berke,Muckersie,77259.00,WL1154A,FirstClass,En Vuelo
894,Jeramey,Ely,56646.00,AV3492R,EconomyClass,Aterrizado
895,Magda,Kreutzer,59681.00,TP4570N,ExecutiveClass,Demorado
896,Sena,Manicomb,84029.00,SU2225M,EconomyClass,En Vuelo
897,Celia,Densie,61027.00,NA2798E,EconomyClass,En Vuelo
898,Nicolais,MacBrearty,37724.00,UC2201R,ExecutiveClass,Demorado
899,Drugi,Colyer,74651.00,DX9011K,FirstClass,Aterrizado
900,Danit,Rachuig,8173.00,PO2320E,FirstClass,En Horario
901,Ricoriki,Smeall,64324.00,LT5482H,EconomyClass,Demorado
902,Euell,Duignan,86632.00,EP2399T,ExecutiveClass,En Horario
903,Ximenez,Heinritz,69370.00,WO5013V,FirstClass,Aterrizado
904,Boy,McKirdy,57269.00,QU4396P,EconomyClass,En Vuelo
905,Chloris,Mion,78742.00,FP0014U,FirstClass,En Vuelo
906,Melly,Woodman,48941.00,VO4053O,EconomyClass,En Vuelo
907,Essy,Gorgl,18079.00,GQ8906K,ExecutiveClass,Aterrizado
908,Elke,Latus,27131.00,ZB8720N,ExecutiveClass,Aterrizado
909,Torey,Borne,27979.00,HS1757P,ExecutiveClass,En Vuelo
910,Dewitt,Lazenbury,21214.00,SB9808R,ExecutiveClass,En Horario
911,Kathleen,Leveret,70836.00,OB3871W,FirstClass,En Vuelo
912,Christye,Larne,68047.00,MA4009X,EconomyClass,Demorado
913,Marguerite,Diggons,70272.00,ZB4629M,EconomyClass,En Horario
914,Doll,Westoll,82828.00,MC2142E,EconomyClass,En Horario
915,Daffie,Engledow,16260.00,DQ6394K,ExecutiveClass,Aterrizado
916,Goraud,Shaw,81357.00,FH4095G,FirstClass,Demorado
917,Eben,Issatt,94612.00,VL3932Y,ExecutiveClass,Demorado
918,Sheree,Yerby,71075.00,NH0695J,ExecutiveClass,En Horario
919,Pascal,Ludford,87540.00,UG6577N,FirstClass,En Horario
920,Alf,Sarfass,15018.00,CB1015P,ExecutiveClass,Aterrizado
921,Barbara,MacCourt,77891.00,NT4516W,FirstClass,Aterrizado
922,Sheffield,Akam,83535.00,IG8808A,FirstClass,En Horario
923,Rose,Valadez,24286.00,LR7791L,EconomyClass,Aterrizado
924,Cooper,Jereatt,36908.00,XB4987T,FirstClass,Demorado
925,Cordie,McCaghan,16723.00,IH4655L,FirstClass,En Vuelo
926,Yancey,Gibberd,84744.00,MI0562N,EconomyClass,En Vuelo
927,Renard,Semered,76457.00,YO7008U,ExecutiveClass,Aterrizado
928,Sabina,Ducham,33668.00,OI4893T,FirstClass,En Horario
929,Court,Woodhouse,52269.00,BL4948Z,FirstClass,En Vuelo
930,Malvin,Calyton,72328.00,YK7643H,ExecutiveClass,Aterrizado
931,Elden,Spedding,43651.00,FN4134V,ExecutiveClass,En Vuelo
932,Bran,Dobby,57821.00,XC4781R,ExecutiveClass,Demorado
933,Amil,Grimoldby,32544.00,RW5493X,FirstClass,Aterrizado
934,Morten,Jedrzejewsky,93946.00,LK0492U,FirstClass,Demorado
935,Benoite,Nassie,94000.00,IX4254F,FirstClass,En Vuelo
936,Kory,Keal,25967.00,CE9023Q,FirstClass,En Horario
937,Fredelia,Bere,40605.00,GT8477X,EconomyClass,Aterrizado
938,Joscelin,O'Crowley,27792.00,GJ0979R,FirstClass,Demorado
939,Yolane,Risdall,15524.00,JN0497E,ExecutiveClass,En Horario
940,Dacie,Silvers,29302.00,ZS0633B,EconomyClass,Aterrizado
941,Wyn,Maryon,33450.00,QX2674X,FirstClass,En Vuelo
942,Chick,Selbach,57529.00,SW9407V,FirstClass,En Vuelo
943,Ilysa,Sawkins,29486.00,BS6749L,FirstClass,En Horario
944,Ynes,Dawdary,69226.00,GM9465M,EconomyClass,Aterrizado
945,Sandra,Whittick,92181.00,LS6836D,FirstClass,En Horario
946,Harvey,Agney,44684.00,NI3796Q,EconomyClass,En Horario
947,Rafaela,Bilham,63086.00,AQ3720C,FirstClass,Demorado
948,Amble,Crocombe,69744.00,ZZ1255E,FirstClass,Aterrizado
949,Nessy,Monnelly,82536.00,IY3055U,EconomyClass,Demorado
950,Kettie,Willgrass,80417.00,NK5936A,EconomyClass,Demorado
951,Maridel,Seres,71979.00,IT1494T,ExecutiveClass,En Vuelo
952,Mordecai,Ellingworth,10166.00,QE3896U,EconomyClass,Demorado
953,Nicky,Brecher,18105.00,CD0356M,EconomyClass,En Horario
954,Wald,Philpot,10694.00,UM1645D,FirstClass,En Vuelo
955,Donni,Haylett,22518.00,GT0799X,ExecutiveClass,Aterrizado
956,Catie,Heinzler,76944.00,DC9209U,ExecutiveClass,Aterrizado
957,Harriot,Woodberry,55623.00,SM6064G,EconomyClass,En Vuelo
958,Mathew,Jery,58159.00,FP1897L,ExecutiveClass,En Horario
959,Diann,Waeland,16499.00,SN8526F,EconomyClass,En Horario
960,Nettle,Paal,92038.00,WZ7229W,EconomyClass,En Horario
961,Ag,Jackett,98050.00,NH4628C,FirstClass,Demorado
962,Emmy,Brannon,17539.00,JU0696K,FirstClass,En Vuelo
963,Renaud,Rollingson,67711.00,HQ6317P,ExecutiveClass,Aterrizado
964,Sylvia,Yakebowitch,71282.00,LR8439V,FirstClass,En Horario
965,Clayson,Yukhnov,13719.00,ZI6655M,FirstClass,En Vuelo
966,Cari,McLachlan,61059.00,EH1878R,ExecutiveClass,En Vuelo
967,Rosemaria,Brushneen,70790.00,SS9488Y,ExecutiveClass,En Horario
968,Hagen,Jeffcoat,53897.00,BH7177Y,FirstClass,Demorado
969,Winslow,MacGillavery,64748.00,JA6436Q,FirstClass,En Vuelo
970,Horatio,Ligertwood,70474.00,ZC0489H,ExecutiveClass,En Vuelo
971,Gregorio,Galway,80710.00,ZI2361S,ExecutiveClass,Aterrizado
972,Krissie,Mitchenson,98450.00,OV7264T,ExecutiveClass,Demorado
973,Russ,Tamblingson,5791.00,OE9036B,ExecutiveClass,En Vuelo
974,Eyde,Elphick,32523.00,HF9926B,EconomyClass,En Vuelo
975,Adan,Aitchinson,46078.00,ZN6545R,EconomyClass,En Vuelo
976,Sauveur,Durtnal,22621.00,OJ6923T,EconomyClass,En Vuelo
977,Georgetta,Owers,48443.00,TK4486L,EconomyClass,En Vuelo
978,Arabella,Clemits,12710.00,LO7479O,ExecutiveClass,En Horario
979,Deina,Roycroft,76646.00,XA6221S,EconomyClass,En Horario
980,Morgun,Siggers,23669.00,NW6667I,FirstClass,En Vuelo
981,Beryle,Balwin,79731.00,SR0535Y,FirstClass,Demorado
982,Donny,Deftie,28193.00,ZB5067I,ExecutiveClass,En Horario
983,Aldon,Giraudoux,58856.00,KS4030F,EconomyClass,En Horario
984,Helen,Wagstaffe,24380.00,BX8868D,FirstClass,Aterrizado
985,Blancha,Cartmael,19403.00,CY3068L,ExecutiveClass,Demorado
986,Quent,Duddin,29329.00,FK1769A,FirstClass,Aterrizado
987,Corrie,Mullis,51549.00,LQ7363X,ExecutiveClass,En Vuelo
988,Phylys,Semark,61166.00,IC2562I,FirstClass,Aterrizado
989,Timofei,Gianneschi,58096.00,FQ7279V,EconomyClass,En Horario
990,Clyve,McTurlough,16442.00,ZZ6028C,ExecutiveClass,En Horario
991,Shaun,Dorcey,19389.00,CW2100P,FirstClass,En Vuelo
992,Fenelia,Dumphy,98626.00,ZS0560Q,EconomyClass,En Horario
993,Blanch,Langdale,58509.00,XW9673L,FirstClass,Aterrizado
994,Lindi,Tincombe,16985.00,BM5658Q,EconomyClass,En Horario
995,Lynne,Bront,80755.00,EY3606P,EconomyClass,En Horario
996,Peter,Daynter,23601.00,RD2051N,FirstClass,Aterrizado
997,Ardys,Glasman,74202.00,RQ1161D,FirstClass,En Vuelo
998,Pavel,Christer,60375.00,UF2241V,FirstClass,Demorado
999,Gradeigh,Oxe,79822.00,NG2194A,ExecutiveClass,En Vuelo
1000,Trevor,Sail,15718.00,KY6584J,ExecutiveClass,En Vuelo
